country,level,tier,sector,metric_family,metric,basis,unit,baseline_value,baseline_year,latest_value,latest_year,target_value,target_year,instrument,comparable,status,note,source_url
France,government,EU,All municipal waste,Recycling rate,Preparing for re-use and recycling of municipal waste,Total municipal waste generated,%,,,,,55,2025,"Waste Framework Directive 2008/98/EC art.11(2), as amended by (EU) 2018/851",FALSE,verified,"Weight measured when waste enters the recycling operation, not at collection.",https://eur-lex.europa.eu/legal-content/EN/TXT/HTML/?uri=CELEX:02008L0098-20180705
France,government,EU,All municipal waste,Recycling rate,Preparing for re-use and recycling of municipal waste,Total municipal waste generated,%,,,,,60,2030,"Waste Framework Directive 2008/98/EC art.11(2), as amended by (EU) 2018/851",FALSE,verified,"Weight measured when waste enters the recycling operation, not at collection.",https://eur-lex.europa.eu/legal-content/EN/TXT/HTML/?uri=CELEX:02008L0098-20180705
France,government,EU,All municipal waste,Recycling rate,Preparing for re-use and recycling of municipal waste,Total municipal waste generated,%,,,,,65,2035,"Waste Framework Directive 2008/98/EC art.11(2), as amended by (EU) 2018/851",FALSE,verified,"Weight measured when waste enters the recycling operation, not at collection.",https://eur-lex.europa.eu/legal-content/EN/TXT/HTML/?uri=CELEX:02008L0098-20180705
France,government,EU,All municipal waste,Landfill diversion,Municipal waste landfilled,Total municipal waste generated,%,,,,,10,2035,"Landfill Directive 1999/31/EC art.5(5), as amended by (EU) 2018/850",FALSE,verified,"Ceiling, not a floor. Lower is better.",https://eur-lex.europa.eu/legal-content/EN/TXT/HTML/?uri=CELEX:01999L0031-20180704
France,government,EU,Packaging,Recycling rate,All packaging waste recycled,"All packaging waste generated, by weight",%,,,,,65,2025,"Packaging Directive 94/62/EC art.6(1), as amended by (EU) 2018/852",FALSE,verified,Restated in PPWR (EU) 2025/40 art.52.,https://eur-lex.europa.eu/legal-content/EN/TXT/HTML/?uri=CELEX:01994L0062-20180704
France,government,EU,Packaging,Recycling rate,All packaging waste recycled,"All packaging waste generated, by weight",%,,,,,70,2030,"Packaging Directive 94/62/EC art.6(1), as amended by (EU) 2018/852",FALSE,verified,Restated in PPWR (EU) 2025/40 art.52.,https://eur-lex.europa.eu/legal-content/EN/TXT/HTML/?uri=CELEX:01994L0062-20180704
France,government,EU,Packaging,Recycling rate,Plastic packaging waste recycled,"Plastic contained in packaging waste generated, by weight",%,,,,,50,2025,"Packaging Directive 94/62/EC art.6(1), as amended by (EU) 2018/852",FALSE,verified,"Material-specific denominator, not a share of total packaging.",https://eur-lex.europa.eu/legal-content/EN/TXT/HTML/?uri=CELEX:01994L0062-20180704
France,government,EU,Packaging,Recycling rate,Plastic packaging waste recycled,"Plastic contained in packaging waste generated, by weight",%,,,,,55,2030,"Packaging Directive 94/62/EC art.6(1), as amended by (EU) 2018/852",FALSE,verified,"Material-specific denominator, not a share of total packaging.",https://eur-lex.europa.eu/legal-content/EN/TXT/HTML/?uri=CELEX:01994L0062-20180704
France,government,EU,Packaging,Recycling rate,Wood packaging waste recycled,"Wood contained in packaging waste generated, by weight",%,,,,,25,2025,"Packaging Directive 94/62/EC art.6(1), as amended by (EU) 2018/852",FALSE,verified,"Material-specific denominator, not a share of total packaging.",https://eur-lex.europa.eu/legal-content/EN/TXT/HTML/?uri=CELEX:01994L0062-20180704
France,government,EU,Packaging,Recycling rate,Wood packaging waste recycled,"Wood contained in packaging waste generated, by weight",%,,,,,30,2030,"Packaging Directive 94/62/EC art.6(1), as amended by (EU) 2018/852",FALSE,verified,"Material-specific denominator, not a share of total packaging.",https://eur-lex.europa.eu/legal-content/EN/TXT/HTML/?uri=CELEX:01994L0062-20180704
France,government,EU,Packaging,Recycling rate,Ferrous metals packaging waste recycled,"Ferrous metals contained in packaging waste generated, by weight",%,,,,,70,2025,"Packaging Directive 94/62/EC art.6(1), as amended by (EU) 2018/852",FALSE,verified,"Material-specific denominator, not a share of total packaging.",https://eur-lex.europa.eu/legal-content/EN/TXT/HTML/?uri=CELEX:01994L0062-20180704
France,government,EU,Packaging,Recycling rate,Ferrous metals packaging waste recycled,"Ferrous metals contained in packaging waste generated, by weight",%,,,,,80,2030,"Packaging Directive 94/62/EC art.6(1), as amended by (EU) 2018/852",FALSE,verified,"Material-specific denominator, not a share of total packaging.",https://eur-lex.europa.eu/legal-content/EN/TXT/HTML/?uri=CELEX:01994L0062-20180704
France,government,EU,Packaging,Recycling rate,Aluminium packaging waste recycled,"Aluminium contained in packaging waste generated, by weight",%,,,,,50,2025,"Packaging Directive 94/62/EC art.6(1), as amended by (EU) 2018/852",FALSE,verified,"Material-specific denominator, not a share of total packaging.",https://eur-lex.europa.eu/legal-content/EN/TXT/HTML/?uri=CELEX:01994L0062-20180704
France,government,EU,Packaging,Recycling rate,Aluminium packaging waste recycled,"Aluminium contained in packaging waste generated, by weight",%,,,,,60,2030,"Packaging Directive 94/62/EC art.6(1), as amended by (EU) 2018/852",FALSE,verified,"Material-specific denominator, not a share of total packaging.",https://eur-lex.europa.eu/legal-content/EN/TXT/HTML/?uri=CELEX:01994L0062-20180704
France,government,EU,Packaging,Recycling rate,Glass packaging waste recycled,"Glass contained in packaging waste generated, by weight",%,,,,,70,2025,"Packaging Directive 94/62/EC art.6(1), as amended by (EU) 2018/852",FALSE,verified,"Material-specific denominator, not a share of total packaging.",https://eur-lex.europa.eu/legal-content/EN/TXT/HTML/?uri=CELEX:01994L0062-20180704
France,government,EU,Packaging,Recycling rate,Glass packaging waste recycled,"Glass contained in packaging waste generated, by weight",%,,,,,75,2030,"Packaging Directive 94/62/EC art.6(1), as amended by (EU) 2018/852",FALSE,verified,"Material-specific denominator, not a share of total packaging.",https://eur-lex.europa.eu/legal-content/EN/TXT/HTML/?uri=CELEX:01994L0062-20180704
France,government,EU,Packaging,Recycling rate,Paper and cardboard packaging waste recycled,"Paper and cardboard contained in packaging waste generated, by weight",%,,,,,75,2025,"Packaging Directive 94/62/EC art.6(1), as amended by (EU) 2018/852",FALSE,verified,"Material-specific denominator, not a share of total packaging.",https://eur-lex.europa.eu/legal-content/EN/TXT/HTML/?uri=CELEX:01994L0062-20180704
France,government,EU,Packaging,Recycling rate,Paper and cardboard packaging waste recycled,"Paper and cardboard contained in packaging waste generated, by weight",%,,,,,85,2030,"Packaging Directive 94/62/EC art.6(1), as amended by (EU) 2018/852",FALSE,verified,"Material-specific denominator, not a share of total packaging.",https://eur-lex.europa.eu/legal-content/EN/TXT/HTML/?uri=CELEX:01994L0062-20180704
France,government,EU,Packaging,Separate collection rate,Separate collection of single-use plastic beverage bottles up to 3 litres,% by weight of such products placed on the market that year,%,,,60,2022,77,2025,Single-Use Plastics Directive (EU) 2019/904 art.9,FALSE,verified,"Latest actual ~60% (2022, ecologie.gouv.fr), rounded and without a method statement.",https://eur-lex.europa.eu/legal-content/EN/TXT/HTML/?uri=CELEX:32019L0904
France,government,EU,Packaging,Separate collection rate,Separate collection of single-use plastic beverage bottles up to 3 litres,% by weight of such products placed on the market that year,%,,,,,90,2029,Single-Use Plastics Directive (EU) 2019/904 art.9,FALSE,verified,"Latest actual ~60% (2022, ecologie.gouv.fr), rounded and without a method statement.",https://eur-lex.europa.eu/legal-content/EN/TXT/HTML/?uri=CELEX:32019L0904
France,government,EU,Packaging,Recycling rate,Recycled plastic content in PET beverage bottles,Member-State-wide average across all PET bottles placed on the market,%,,,,,25,2025,Single-Use Plastics Directive (EU) 2019/904 art.6(5)(a),FALSE,verified,"Fleet average, not per bottle.",https://eur-lex.europa.eu/legal-content/EN/TXT/HTML/?uri=CELEX:32019L0904
France,government,EU,Packaging,Recycling rate,Recycled plastic content in beverage bottles,Member-State-wide average across all Part F beverage bottles placed on the market,%,,,,,30,2030,Single-Use Plastics Directive (EU) 2019/904 art.6(5)(b),FALSE,verified,"PPWR art.7 sets 30% on a per-unit/plant-averaged basis from 2030 - different denominator, overlap unresolved.",https://eur-lex.europa.eu/legal-content/EN/TXT/HTML/?uri=CELEX:32019L0904
France,government,EU,EEE,Separate collection rate,WEEE minimum collection rate,Average weight of EEE placed on market over the three preceding years,%,,,,,65,2019,WEEE Directive 2012/19/EU art.7(1),FALSE,verified,Member State may instead elect the 85%-of-WEEE-generated basis. The two are not equivalent.,https://eur-lex.europa.eu/legal-content/EN/TXT/HTML/?uri=CELEX:32012L0019
France,government,EU,EEE,Separate collection rate,"WEEE minimum collection rate, alternative basis",WEEE generated on the territory,%,,,,,85,2019,WEEE Directive 2012/19/EU art.7(1),FALSE,verified,"Alternative to the 65% POM basis, not additional to it.",https://eur-lex.europa.eu/legal-content/EN/TXT/HTML/?uri=CELEX:32012L0019
France,government,EU,Batteries,Separate collection rate,Waste portable battery collection rate,Waste portable batteries collected / average annual portable batteries placed on market over that and the two preceding years,%,,,,,45,2023,Batteries Regulation (EU) 2023/1542 art.59(1),FALSE,sourced,Rolling 3-year placed-on-market denominator.,https://environment.ec.europa.eu/news/new-rules-boost-recycling-efficiency-waste-batteries-2025-07-04_en
France,government,EU,Batteries,Separate collection rate,Waste portable battery collection rate,Waste portable batteries collected / average annual portable batteries placed on market over that and the two preceding years,%,,,,,63,2027,Batteries Regulation (EU) 2023/1542 art.59(1),FALSE,verified,Rolling 3-year placed-on-market denominator.,https://environment.ec.europa.eu/news/new-rules-boost-recycling-efficiency-waste-batteries-2025-07-04_en
France,government,EU,Batteries,Separate collection rate,Waste portable battery collection rate,Waste portable batteries collected / average annual portable batteries placed on market over that and the two preceding years,%,,,,,73,2030,Batteries Regulation (EU) 2023/1542 art.59(1),FALSE,verified,Rolling 3-year placed-on-market denominator.,https://environment.ec.europa.eu/news/new-rules-boost-recycling-efficiency-waste-batteries-2025-07-04_en
France,government,EU,Batteries,Separate collection rate,Waste LMT (light means of transport) battery collection rate,Same rolling 3-year placed-on-market construction as portable batteries,%,,,,,51,2028,Batteries Regulation (EU) 2023/1542 art.59(3),FALSE,verified,An automated read of EUR-Lex returned 65/75/85% for LMT - that is wrong; corroborated sources give 51/61.,https://environment.ec.europa.eu/news/new-rules-boost-recycling-efficiency-waste-batteries-2025-07-04_en
France,government,EU,Batteries,Separate collection rate,Waste LMT (light means of transport) battery collection rate,Same rolling 3-year placed-on-market construction as portable batteries,%,,,,,61,2031,Batteries Regulation (EU) 2023/1542 art.59(3),FALSE,verified,An automated read of EUR-Lex returned 65/75/85% for LMT - that is wrong; corroborated sources give 51/61.,https://environment.ec.europa.eu/news/new-rules-boost-recycling-efficiency-waste-batteries-2025-07-04_en
France,government,EU,End-of-life vehicles,Recycling rate,ELV reuse and recovery,Average weight per vehicle and year,%,,,,,95,2015,ELV Directive 2000/53/EC art.7(2)(b),FALSE,verified,Directive repealed from 1 Sep 2028 by Regulation (EU) 2026/1738; whether these rates carry over is unverified.,https://eur-lex.europa.eu/legal-content/EN/TXT/HTML/?uri=CELEX:32000L0053
France,government,EU,End-of-life vehicles,Recycling rate,ELV reuse and recycling,Average weight per vehicle and year,%,,,,,85,2015,ELV Directive 2000/53/EC art.7(2)(b),FALSE,verified,Directive repealed from 1 Sep 2028 by Regulation (EU) 2026/1738; whether these rates carry over is unverified.,https://eur-lex.europa.eu/legal-content/EN/TXT/HTML/?uri=CELEX:32000L0053
France,government,EU,Packaging,Reuse & preparation for reuse,Reduction in packaging waste generated per capita,kg of packaging waste per capita per year vs 2018,%,0,2018,,,5,2030,PPWR Regulation (EU) 2025/40 art.43,FALSE,verified,Directly applicable in France; applies from 12 Aug 2026.,https://eur-lex.europa.eu/eli/reg/2025/40/oj/eng
France,government,EU,Packaging,Reuse & preparation for reuse,Reduction in packaging waste generated per capita,kg of packaging waste per capita per year vs 2018,%,0,2018,,,10,2035,PPWR Regulation (EU) 2025/40 art.43,FALSE,verified,Directly applicable in France; applies from 12 Aug 2026.,https://eur-lex.europa.eu/eli/reg/2025/40/oj/eng
France,government,EU,Packaging,Reuse & preparation for reuse,Reduction in packaging waste generated per capita,kg of packaging waste per capita per year vs 2018,%,0,2018,,,15,2040,PPWR Regulation (EU) 2025/40 art.43,FALSE,verified,Directly applicable in France; applies from 12 Aug 2026.,https://eur-lex.europa.eu/eli/reg/2025/40/oj/eng
France,government,National,Packaging,Reuse & preparation for reuse,Fin de la mise sur le marche des emballages en plastique a usage unique,All single-use plastic packaging placed on the French market (absolute phase-out),%,,,,,100,2040,Loi AGEC n. 2020-105 art.7 (C. env. L541-10-17),FALSE,verified,Implemented via successive five-year decrees. Under active legislative challenge in the Senat as of 2026.,https://www.ecologie.gouv.fr/loi-anti-gaspillage-economie-circulaire
France,government,National,Packaging,Reuse & preparation for reuse,Reduction du nombre de bouteilles pour boisson en plastique a usage unique,"Number of bottles placed on market (units, not tonnage)",%,,2018,,,50,2030,Loi AGEC n. 2020-105 art.66,FALSE,sourced,"BASELINE CONTESTED: the statute appears silent; ADEME uses 2018, one Citeo document says 2010. No official tracking series found.",https://www.ordeec.org/fileadmin/user_upload/20220516_analyse_detaillee_loi_AGEC_VF.pdf
France,government,National,Packaging,Reuse & preparation for reuse,Reduction des emballages en plastique a usage unique,Tonnage of plastic in single-use packaging placed on market vs 2018 (household and professional),%,0,2018,-3.3,2021,20,2025,Decret n. 2021-517 du 29 avril 2021 (decret 3R),FALSE,verified,MOVING THE WRONG WAY: +3.3% between 2018 and 2021. ADEME: atteinte des objectifs fortement compromise. Latest value shown negative because the target is a reduction and the outturn was an increase.,https://www.ecologie.gouv.fr/sites/default/files/documents/ADEME_Bilan%20indicateurs%20decret%203R-Synthese.pdf
France,government,National,Packaging,Reuse & preparation for reuse,Part de la reduction obtenue par reemploi et reutilisation,"At least half of the 20% reduction, i.e. reuse must avoid single-use plastic equal to 10% of 2018 tonnage",%,,2018,,,10,2025,Decret n. 2021-517 du 29 avril 2021,FALSE,verified,,https://www.legifrance.gouv.fr/jorf/id/JORFTEXT000043458675
France,government,National,Packaging,Reuse & preparation for reuse,Part des emballages reemployes mis en marche,"Unites de vente (or equivalent), NOT tonnage",%,,,1.1,2023,5,2023,Loi AGEC n. 2020-105 art.9 (C. env. L541-1 I 1),FALSE,verified,MISSED. Senat 2025 reports 1.1% for household packaging; the 3R bilan reports 2.2% for all packaging on self-declared incomplete data.,https://www.ecologie.gouv.fr/sites/default/files/documents/Annexes%20-%20Strategie%203R%20.pdf
France,government,National,Packaging,Reuse & preparation for reuse,Part des emballages reemployes mis en marche,"Unites de vente (or equivalent), NOT tonnage",%,,,,,10,2027,Loi AGEC n. 2020-105 art.9 (C. env. L541-1 I 1),FALSE,verified,,https://www.ecologie.gouv.fr/sites/default/files/documents/Annexes%20-%20Strategie%203R%20.pdf
France,government,National,All municipal waste,Collection coverage,Reduire les quantites de dechets menagers et assimiles produits par habitant,"DMA per inhabitant, mass, vs 2010",%,0,2010,,,15,2030,"C. env. L541-1 I 1 (loi TECV art.70, amended by loi AGEC art.3)",FALSE,verified,"REVISED: TECV originally set -10% by 2020; AGEC replaced it with -15% by 2030. No percentage-vs-2010 outturn is published, so none is recorded. For context ADEME reports 571 kg/inhab/yr of DMA produced in 2023 and 559 kg collected by the public service, against roughly 590 kg in 2010.",https://economie-circulaire.ademe.fr/indicateurs-cles-dma
France,government,National,All non-hazardous waste,Recycling rate,Valorisation sous forme de matiere des dechets non dangereux non inertes,"Non-hazardous non-inert waste, by mass",%,,,45.5,2022,55,2020,C. env. L541-1 I 4 (loi TECV n. 2015-992 art.70),FALSE,verified,MISSED. 45% (ADEME) to 46% (notre-environnement) in 2022; 45.5 recorded here as the midpoint of the two published figures.,https://www.notre-environnement.gouv.fr/actualites/breves/article/pres-d-1-kg-de-dechet-sur-2-est-recycle-comment-aller-plus-loin
France,government,National,All non-hazardous waste,Recycling rate,Valorisation sous forme de matiere des dechets non dangereux non inertes,"Non-hazardous non-inert waste, by mass",%,,,45.5,2022,65,2025,C. env. L541-1 I 4 (loi TECV n. 2015-992 art.70),FALSE,verified,Ministry's own portal states this is unlikely to be met.,https://www.legifrance.gouv.fr/codes/article_lc/LEGIARTI000043974936
France,government,National,All municipal waste,Recycling rate,Preparation en vue de la reutilisation ou d'un recyclage des DMA,"Dechets menagers et assimiles, by mass",%,,,,,55,2025,C. env. L541-1 I 4 bis (loi AGEC),FALSE,verified,National mirror of the EU Waste Framework Directive municipal targets.,https://www.legifrance.gouv.fr/codes/article_lc/LEGIARTI000043974936
France,government,National,All municipal waste,Recycling rate,Preparation en vue de la reutilisation ou d'un recyclage des DMA,"Dechets menagers et assimiles, by mass",%,,,,,60,2030,C. env. L541-1 I 4 bis (loi AGEC),FALSE,verified,National mirror of the EU Waste Framework Directive municipal targets.,https://www.legifrance.gouv.fr/codes/article_lc/LEGIARTI000043974936
France,government,National,All municipal waste,Recycling rate,Preparation en vue de la reutilisation ou d'un recyclage des DMA,"Dechets menagers et assimiles, by mass",%,,,,,65,2035,C. env. L541-1 I 4 bis (loi AGEC),FALSE,verified,National mirror of the EU Waste Framework Directive municipal targets.,https://www.legifrance.gouv.fr/codes/article_lc/LEGIARTI000043974936
France,government,National,All non-hazardous waste,Landfill diversion,Reduire les quantites de dechets non dangereux non inertes admis en installation de stockage,Tonnage admitted to landfill vs 2010,%,0,2010,,,30,2020,C. env. L541-1 I 7 (loi TECV n. 2015-992 art.70),FALSE,verified,"13.9 Mt admitted to landfill in 2023 (ADEME). The 2020 step was missed; no published % vs 2010 was found, so no latest_value is given rather than computing one.",https://economie-circulaire.ademe.fr/indicateurs-cles-dma
France,government,National,All non-hazardous waste,Landfill diversion,Reduire les quantites de dechets non dangereux non inertes admis en installation de stockage,Tonnage admitted to landfill vs 2010,%,0,2010,,,50,2025,C. env. L541-1 I 7 (loi TECV n. 2015-992 art.70),FALSE,verified,"13.9 Mt admitted to landfill in 2023 (ADEME). The 2020 step was missed; no published % vs 2010 was found, so no latest_value is given rather than computing one.",https://economie-circulaire.ademe.fr/indicateurs-cles-dma
France,government,National,All municipal waste,Landfill diversion,Reduire les quantites de DMA admis en installation de stockage,"10% of DMA PRODUCED, by mass - a share of production, not a reduction vs a baseline year",%,,,24.3,2022,10,2035,C. env. L541-1 I 7 bis (loi AGEC art.10),FALSE,verified,Most commonly mis-stated French target. latest_value is municipal waste landfilled; the DMA denominator may differ slightly.,https://www.legifrance.gouv.fr/codes/article_lc/LEGIARTI000043974936
France,government,National,All municipal waste,Reuse & preparation for reuse,Augmenter la quantite de dechets faisant l'objet de preparation a la reutilisation,5% of the tonnage of household waste,%,,,,,5,2030,C. env. L541-1 I 3 (loi AGEC),FALSE,verified,No baseline year stated in the text. No national measured value published.,https://www.legifrance.gouv.fr/codes/article_lc/LEGIARTI000043974936
France,government,National,Construction,Recycling rate,Valoriser sous forme de matiere les dechets du secteur du batiment et des travaux publics,"BTP-sector waste, by mass",%,,,,,70,2020,C. env. L541-1 I 6 (loi TECV n. 2015-992 art.70),FALSE,verified,No measured outturn found.,https://www.legifrance.gouv.fr/codes/article_lc/LEGIARTI000043974936
France,sector,Sector agreement,Packaging,Reuse & preparation for reuse,Reduction de mises sur le marche des emballages menagers,Tonnage mis sur le marche vs 2010,%,0,2010,,,15,2030,"REP EMPAP, arrete du 7 decembre 2023 (agrement 2025-2029)",FALSE,verified,,https://filieres-rep.ademe.fr/filieres-REP/filiere-EMPAP
France,sector,Sector agreement,Packaging,Recycling rate,Taux de recyclage - Steel,Reported by ADEME against flux collectes - DENOMINATOR UNCONFIRMED,%,,,,,80,2025,"REP EMPAP, arrete du 7 decembre 2023",FALSE,sourced,"ADEME's page states these are against collected flows, which is unusual - EU packaging rates are normally against tonnage placed on market. Check arrete du 7 dec 2023 before citing.",https://filieres-rep.ademe.fr/filieres-REP/filiere-EMPAP
France,sector,Sector agreement,Packaging,Recycling rate,Taux de recyclage - Steel,Reported by ADEME against flux collectes - DENOMINATOR UNCONFIRMED,%,,,,,84,2029,"REP EMPAP, arrete du 7 decembre 2023",FALSE,sourced,"ADEME's page states these are against collected flows, which is unusual - EU packaging rates are normally against tonnage placed on market. Check arrete du 7 dec 2023 before citing.",https://filieres-rep.ademe.fr/filieres-REP/filiere-EMPAP
France,sector,Sector agreement,Packaging,Recycling rate,Taux de recyclage - Aluminium,Reported by ADEME against flux collectes - DENOMINATOR UNCONFIRMED,%,,,,,50,2025,"REP EMPAP, arrete du 7 decembre 2023",FALSE,sourced,"ADEME's page states these are against collected flows, which is unusual - EU packaging rates are normally against tonnage placed on market. Check arrete du 7 dec 2023 before citing.",https://filieres-rep.ademe.fr/filieres-REP/filiere-EMPAP
France,sector,Sector agreement,Packaging,Recycling rate,Taux de recyclage - Aluminium,Reported by ADEME against flux collectes - DENOMINATOR UNCONFIRMED,%,,,,,58,2029,"REP EMPAP, arrete du 7 decembre 2023",FALSE,sourced,"ADEME's page states these are against collected flows, which is unusual - EU packaging rates are normally against tonnage placed on market. Check arrete du 7 dec 2023 before citing.",https://filieres-rep.ademe.fr/filieres-REP/filiere-EMPAP
France,sector,Sector agreement,Packaging,Recycling rate,Taux de recyclage - Paper and cardboard,Reported by ADEME against flux collectes - DENOMINATOR UNCONFIRMED,%,,,,,75,2025,"REP EMPAP, arrete du 7 decembre 2023",FALSE,sourced,"ADEME's page states these are against collected flows, which is unusual - EU packaging rates are normally against tonnage placed on market. Check arrete du 7 dec 2023 before citing.",https://filieres-rep.ademe.fr/filieres-REP/filiere-EMPAP
France,sector,Sector agreement,Packaging,Recycling rate,Taux de recyclage - Paper and cardboard,Reported by ADEME against flux collectes - DENOMINATOR UNCONFIRMED,%,,,,,83,2029,"REP EMPAP, arrete du 7 decembre 2023",FALSE,sourced,"ADEME's page states these are against collected flows, which is unusual - EU packaging rates are normally against tonnage placed on market. Check arrete du 7 dec 2023 before citing.",https://filieres-rep.ademe.fr/filieres-REP/filiere-EMPAP
France,sector,Sector agreement,Packaging,Recycling rate,Taux de recyclage - Plastic,Reported by ADEME against flux collectes - DENOMINATOR UNCONFIRMED,%,,,,,50,2025,"REP EMPAP, arrete du 7 decembre 2023",FALSE,sourced,"ADEME's page states these are against collected flows, which is unusual - EU packaging rates are normally against tonnage placed on market. Check arrete du 7 dec 2023 before citing.",https://filieres-rep.ademe.fr/filieres-REP/filiere-EMPAP
France,sector,Sector agreement,Packaging,Recycling rate,Taux de recyclage - Plastic,Reported by ADEME against flux collectes - DENOMINATOR UNCONFIRMED,%,,,,,54,2029,"REP EMPAP, arrete du 7 decembre 2023",FALSE,sourced,"ADEME's page states these are against collected flows, which is unusual - EU packaging rates are normally against tonnage placed on market. Check arrete du 7 dec 2023 before citing.",https://filieres-rep.ademe.fr/filieres-REP/filiere-EMPAP
France,sector,Sector agreement,Packaging,Recycling rate,Taux de recyclage - Glass,Reported by ADEME against flux collectes - DENOMINATOR UNCONFIRMED,%,,,,,80,2025,"REP EMPAP, arrete du 7 decembre 2023",FALSE,sourced,"ADEME's page states these are against collected flows, which is unusual - EU packaging rates are normally against tonnage placed on market. Check arrete du 7 dec 2023 before citing.",https://filieres-rep.ademe.fr/filieres-REP/filiere-EMPAP
France,sector,Sector agreement,Packaging,Recycling rate,Taux de recyclage - Glass,Reported by ADEME against flux collectes - DENOMINATOR UNCONFIRMED,%,,,,,88,2029,"REP EMPAP, arrete du 7 decembre 2023",FALSE,sourced,"ADEME's page states these are against collected flows, which is unusual - EU packaging rates are normally against tonnage placed on market. Check arrete du 7 dec 2023 before citing.",https://filieres-rep.ademe.fr/filieres-REP/filiere-EMPAP
France,sector,Sector agreement,Packaging,Recycling rate,Taux de collecte pour recyclage - bouteilles plastique boisson,% of bottles placed on market,%,,,,,77,2025,"REP EMPAP, arrete du 7 decembre 2023",FALSE,verified,,https://filieres-rep.ademe.fr/filieres-REP/filiere-EMPAP
France,sector,Sector agreement,Packaging,Recycling rate,Taux de collecte pour recyclage - bouteilles plastique boisson,% of bottles placed on market,%,,,,,90,2029,"REP EMPAP, arrete du 7 decembre 2023",FALSE,verified,,https://filieres-rep.ademe.fr/filieres-REP/filiere-EMPAP
France,sector,Sector agreement,EEE,Separate collection rate,"Taux de collecte, categories 1-6 et 8",Moyenne des quantites mises sur le marche les 3 annees precedentes,%,,,56.2,2024,65,2024,"REP EEE, arrete du 27 octobre 2021 (agrement 2022-2027)",FALSE,verified,MISSED by ~9 points. 2.28 Mt placed on market in 2024. Excludes photovoltaic panels.,https://filieres-rep.ademe.fr/filieres-REP/filiere-EEE
France,sector,Sector agreement,EEE,Separate collection rate,"Taux de collecte, categorie 7 (panneaux photovoltaiques)",Estimated waste arisings (not placed on market),%,,,,,85,2024,"REP EEE, arrete du 27 octobre 2021",FALSE,verified,Different denominator from categories 1-6 and 8 within the same filiere.,https://filieres-rep.ademe.fr/filieres-REP/filiere-EEE
France,sector,Sector agreement,EEE,Recycling rate,"Taux de valorisation, categories 1-6 et 8","Collected WEEE, per category",%,,,91.3,2024,85,2024,"REP EEE, arrete du 27 octobre 2021",FALSE,verified,MET.,https://filieres-rep.ademe.fr/filieres-REP/filiere-EEE
France,sector,Sector agreement,EEE,Reuse & preparation for reuse,Preparation au reemploi et a la reutilisation,Collected WEEE,%,,,,,2,2024,"REP EEE, arrete du 27 octobre 2021",FALSE,verified,,https://filieres-rep.ademe.fr/filieres-REP/filiere-EEE
France,sector,Sector agreement,Textiles,Separate collection rate,Taux de collecte,"% of tonnage placed on market, averaged over N-3 to N-1",%,,,36.5,2024,60,2028,"REP TLC, arrete du 23 novembre 2022 (Refashion, agrement 2023-2028)",FALSE,verified,"886,000 t placed on market in 2024. Far off trajectory.",https://filieres-rep.ademe.fr/filieres-REP/filiere-TLC
France,sector,Sector agreement,Textiles,Landfill diversion,Taux d'elimination maximal,% of collected tonnage,%,,,0.8,2024,0.5,2028,"REP TLC, arrete du 23 novembre 2022",FALSE,verified,EXCEEDED - 0.8% against a 0.5% cap. Lower is better.,https://filieres-rep.ademe.fr/filieres-REP/filiere-TLC
France,sector,Sector agreement,Textiles,Recycling rate,Taux de recyclage,"% of collected and sorted, excluding reuse and non-REP items",%,,,,,70,2027,"REP TLC, arrete du 23 novembre 2022",FALSE,sourced,"ADEME shows a 70-80% range, likely per-flow sub-targets; the lower bound is recorded here. Verify against the arrete.",https://filieres-rep.ademe.fr/filieres-REP/filiere-TLC
France,sector,Sector agreement,Textiles,Reuse & preparation for reuse,Reemploi et reutilisation,"Absolute tonnage (kt), not a rate",Mt,,,,,0.12,2024,"REP TLC, arrete du 23 novembre 2022",FALSE,verified,"120,000 t, of which 8% sourced within 1,500 km. Recorded in Mt for unit consistency.",https://filieres-rep.ademe.fr/filieres-REP/filiere-TLC
France,sector,Sector agreement,Furniture,Separate collection rate,Taux de collecte,Annual average tonnage placed on market over N-1 and N-2,%,,,,,45,2024,"REP EA, arrete du 12 octobre 2023 (agrement 2024-2029)",FALSE,verified,,https://filieres-rep.ademe.fr/filieres-REP/filiere-EA
France,sector,Sector agreement,Furniture,Separate collection rate,Taux de collecte,Annual average tonnage placed on market over N-1 and N-2,%,,,,,48,2026,"REP EA, arrete du 12 octobre 2023 (agrement 2024-2029)",FALSE,verified,,https://filieres-rep.ademe.fr/filieres-REP/filiere-EA
France,sector,Sector agreement,Furniture,Separate collection rate,Taux de collecte,Annual average tonnage placed on market over N-1 and N-2,%,,,,,51,2028,"REP EA, arrete du 12 octobre 2023 (agrement 2024-2029)",FALSE,verified,,https://filieres-rep.ademe.fr/filieres-REP/filiere-EA
France,sector,Sector agreement,Furniture,Recycling rate,Taux de recyclage,"Waste entering recycling installations / waste collected, excluding reuse",%,,,,,51,2024,"REP EA, arrete du 12 octobre 2023",FALSE,verified,,https://filieres-rep.ademe.fr/filieres-REP/filiere-EA
France,sector,Sector agreement,Furniture,Recycling rate,Taux de recyclage,"Waste entering recycling installations / waste collected, excluding reuse",%,,,,,53,2026,"REP EA, arrete du 12 octobre 2023",FALSE,verified,,https://filieres-rep.ademe.fr/filieres-REP/filiere-EA
France,sector,Sector agreement,Furniture,Recycling rate,Taux de recyclage,"Waste entering recycling installations / waste collected, excluding reuse",%,,,,,55,2028,"REP EA, arrete du 12 octobre 2023",FALSE,verified,,https://filieres-rep.ademe.fr/filieres-REP/filiere-EA
France,sector,Sector agreement,Furniture,Reuse & preparation for reuse,Reemploi et reutilisation,"Absolute tonnage, not a rate",Mt,,,0.04,2024,0.06,2024,"REP EA, arrete du 12 octobre 2023",FALSE,verified,"MISSED - 40,000 t against a 60,000 t target for 2024. 2.8 Mt placed on market.",https://filieres-rep.ademe.fr/filieres-REP/filiere-EA
France,sector,Sector agreement,Furniture,Reuse & preparation for reuse,Reemploi et reutilisation,"Absolute tonnage, not a rate",Mt,,,,,0.08,2026,"REP EA, arrete du 12 octobre 2023",FALSE,verified,,https://filieres-rep.ademe.fr/filieres-REP/filiere-EA
France,sector,Sector agreement,Furniture,Reuse & preparation for reuse,Reemploi et reutilisation,"Absolute tonnage, not a rate",Mt,,,,,0.11,2029,"REP EA, arrete du 12 octobre 2023",FALSE,verified,,https://filieres-rep.ademe.fr/filieres-REP/filiere-EA
France,sector,Sector agreement,Tyres,Separate collection rate,Taux de collecte,Tyre waste collected in the year / tyres placed on market the previous year,%,,,,,96,2024,"REP PNEU, arrete du 27 juin 2023 (agrement 2024-2028)",FALSE,verified,"583,000 t collected in 2024; no collection rate published, and it is not computed here because the 2023 placed-on-market figure is not given.",https://filieres-rep.ademe.fr/filieres-REP/filiere-PNEU
France,sector,Sector agreement,Tyres,Separate collection rate,Taux de collecte,Tyre waste collected in the year / tyres placed on market the previous year,%,,,,,97,2026,"REP PNEU, arrete du 27 juin 2023 (agrement 2024-2028)",FALSE,verified,,https://filieres-rep.ademe.fr/filieres-REP/filiere-PNEU
France,sector,Sector agreement,Tyres,Separate collection rate,Taux de collecte,Tyre waste collected in the year / tyres placed on market the previous year,%,,,,,98,2028,"REP PNEU, arrete du 27 juin 2023 (agrement 2024-2028)",FALSE,verified,,https://filieres-rep.ademe.fr/filieres-REP/filiere-PNEU
France,sector,Sector agreement,Tyres,Recycling rate,Taux de recyclage,Waste entering recycling installations / separately collected waste not reused,%,,,,,40,2024,"REP PNEU, arrete du 27 juin 2023",FALSE,verified,,https://filieres-rep.ademe.fr/filieres-REP/filiere-PNEU
France,sector,Sector agreement,Tyres,Recycling rate,Taux de recyclage,Waste entering recycling installations / separately collected waste not reused,%,,,,,42,2028,"REP PNEU, arrete du 27 juin 2023",FALSE,verified,,https://filieres-rep.ademe.fr/filieres-REP/filiere-PNEU
France,sector,Sector agreement,Tyres,Reuse & preparation for reuse,Preparation a la reutilisation,Used tyres prepared for reuse / tyres placed on market the previous year,%,,,,,17,2024,"REP PNEU, arrete du 27 juin 2023",FALSE,verified,,https://filieres-rep.ademe.fr/filieres-REP/filiere-PNEU
France,sector,Sector agreement,Tyres,Reuse & preparation for reuse,Preparation a la reutilisation,Used tyres prepared for reuse / tyres placed on market the previous year,%,,,,,19,2028,"REP PNEU, arrete du 27 juin 2023",FALSE,verified,,https://filieres-rep.ademe.fr/filieres-REP/filiere-PNEU
France,sector,Sector agreement,Toys,Separate collection rate,Taux de collecte,Mises sur le marche de l'annee precedente,%,,,,,28,2024,"REP JOUET, arrete du 27 octobre 2021 (Ecomaison, agrement 2022-2027)",FALSE,verified,,https://filieres-rep.ademe.fr/filieres-REP/filiere-JOUET
France,sector,Sector agreement,Toys,Separate collection rate,Taux de collecte,Mises sur le marche de l'annee precedente,%,,,,,45,2027,"REP JOUET, arrete du 27 octobre 2021 (Ecomaison, agrement 2022-2027)",FALSE,verified,,https://filieres-rep.ademe.fr/filieres-REP/filiere-JOUET
France,sector,Sector agreement,Toys,Reuse & preparation for reuse,Taux de reemploi,Mises sur le marche de l'annee precedente,%,,,1.1,2024,6,2024,"REP JOUET, arrete du 27 octobre 2021",FALSE,verified,"BADLY MISSED - 1,600 t reused against 144,000 t placed on market. The 1.1% is derived from ADEME's two published tonnages, not published as a rate.",https://filieres-rep.ademe.fr/filieres-REP/filiere-JOUET
France,sector,Sector agreement,Toys,Reuse & preparation for reuse,Taux de reemploi,Mises sur le marche de l'annee precedente,%,,,,,9,2027,"REP JOUET, arrete du 27 octobre 2021",FALSE,verified,,https://filieres-rep.ademe.fr/filieres-REP/filiere-JOUET
France,sector,Sector agreement,Toys,Recycling rate,Taux de recyclage,Quantites collectees moins quantites reemployees,%,,,,,35,2024,"REP JOUET, arrete du 27 octobre 2021",FALSE,verified,,https://filieres-rep.ademe.fr/filieres-REP/filiere-JOUET
France,sector,Sector agreement,Toys,Recycling rate,Taux de recyclage,Quantites collectees moins quantites reemployees,%,,,,,55,2027,"REP JOUET, arrete du 27 octobre 2021",FALSE,verified,,https://filieres-rep.ademe.fr/filieres-REP/filiere-JOUET
France,sector,Sector agreement,DIY & garden,Separate collection rate,Taux de collecte - Outillage du peintre,Mises sur le marche de l'annee precedente,%,,,,,15,2024,"REP ABJ, arrete du 27 octobre 2021 (agrement 2022-2027)",FALSE,verified,,https://filieres-rep.ademe.fr/filieres-REP/filiere-ABJ
France,sector,Sector agreement,DIY & garden,Separate collection rate,Taux de collecte - Outillage du peintre,Mises sur le marche de l'annee precedente,%,,,,,25,2027,"REP ABJ, arrete du 27 octobre 2021 (agrement 2022-2027)",FALSE,verified,,https://filieres-rep.ademe.fr/filieres-REP/filiere-ABJ
France,sector,Sector agreement,DIY & garden,Recycling rate,Taux de recyclage - Outillage du peintre,Quantites collectees non reemployees,%,,,,,37,2024,"REP ABJ, arrete du 27 octobre 2021",FALSE,verified,,https://filieres-rep.ademe.fr/filieres-REP/filiere-ABJ
France,sector,Sector agreement,DIY & garden,Recycling rate,Taux de recyclage - Outillage du peintre,Quantites collectees non reemployees,%,,,,,50,2027,"REP ABJ, arrete du 27 octobre 2021",FALSE,verified,,https://filieres-rep.ademe.fr/filieres-REP/filiere-ABJ
France,sector,Sector agreement,DIY & garden,Separate collection rate,Taux de collecte - Machines et appareils motorises thermiques,Mises sur le marche de l'annee precedente,%,,,,,28,2024,"REP ABJ, arrete du 27 octobre 2021 (agrement 2022-2027)",FALSE,verified,,https://filieres-rep.ademe.fr/filieres-REP/filiere-ABJ
France,sector,Sector agreement,DIY & garden,Separate collection rate,Taux de collecte - Machines et appareils motorises thermiques,Mises sur le marche de l'annee precedente,%,,,,,45,2027,"REP ABJ, arrete du 27 octobre 2021 (agrement 2022-2027)",FALSE,verified,,https://filieres-rep.ademe.fr/filieres-REP/filiere-ABJ
France,sector,Sector agreement,DIY & garden,Reuse & preparation for reuse,Taux de reemploi - Machines et appareils motorises thermiques,Mises sur le marche de l'annee precedente,%,,,,,5,2024,"REP ABJ, arrete du 27 octobre 2021",FALSE,verified,,https://filieres-rep.ademe.fr/filieres-REP/filiere-ABJ
France,sector,Sector agreement,DIY & garden,Reuse & preparation for reuse,Taux de reemploi - Machines et appareils motorises thermiques,Mises sur le marche de l'annee precedente,%,,,,,11,2027,"REP ABJ, arrete du 27 octobre 2021",FALSE,verified,,https://filieres-rep.ademe.fr/filieres-REP/filiere-ABJ
France,sector,Sector agreement,DIY & garden,Recycling rate,Taux de recyclage - Machines et appareils motorises thermiques,Quantites collectees non reemployees,%,,,,,37,2024,"REP ABJ, arrete du 27 octobre 2021",FALSE,verified,,https://filieres-rep.ademe.fr/filieres-REP/filiere-ABJ
France,sector,Sector agreement,DIY & garden,Recycling rate,Taux de recyclage - Machines et appareils motorises thermiques,Quantites collectees non reemployees,%,,,,,55,2027,"REP ABJ, arrete du 27 octobre 2021",FALSE,verified,,https://filieres-rep.ademe.fr/filieres-REP/filiere-ABJ
France,sector,Sector agreement,DIY & garden,Separate collection rate,Taux de collecte - Materiaux de bricolage,Mises sur le marche de l'annee precedente,%,,,,,13,2024,"REP ABJ, arrete du 27 octobre 2021 (agrement 2022-2027)",FALSE,verified,,https://filieres-rep.ademe.fr/filieres-REP/filiere-ABJ
France,sector,Sector agreement,DIY & garden,Separate collection rate,Taux de collecte - Materiaux de bricolage,Mises sur le marche de l'annee precedente,%,,,,,25,2027,"REP ABJ, arrete du 27 octobre 2021 (agrement 2022-2027)",FALSE,verified,,https://filieres-rep.ademe.fr/filieres-REP/filiere-ABJ
France,sector,Sector agreement,DIY & garden,Reuse & preparation for reuse,Taux de reemploi - Materiaux de bricolage,Mises sur le marche de l'annee precedente,%,,,,,4,2024,"REP ABJ, arrete du 27 octobre 2021",FALSE,verified,,https://filieres-rep.ademe.fr/filieres-REP/filiere-ABJ
France,sector,Sector agreement,DIY & garden,Reuse & preparation for reuse,Taux de reemploi - Materiaux de bricolage,Mises sur le marche de l'annee precedente,%,,,,,10,2027,"REP ABJ, arrete du 27 octobre 2021",FALSE,verified,,https://filieres-rep.ademe.fr/filieres-REP/filiere-ABJ
France,sector,Sector agreement,DIY & garden,Recycling rate,Taux de recyclage - Materiaux de bricolage,Quantites collectees non reemployees,%,,,,,55,2024,"REP ABJ, arrete du 27 octobre 2021",FALSE,verified,,https://filieres-rep.ademe.fr/filieres-REP/filiere-ABJ
France,sector,Sector agreement,DIY & garden,Recycling rate,Taux de recyclage - Materiaux de bricolage,Quantites collectees non reemployees,%,,,,,65,2027,"REP ABJ, arrete du 27 octobre 2021",FALSE,verified,,https://filieres-rep.ademe.fr/filieres-REP/filiere-ABJ
France,sector,Sector agreement,DIY & garden,Separate collection rate,Taux de collecte - Entretien du jardin et amenagement paysager,Mises sur le marche de l'annee precedente,%,,,,,13,2024,"REP ABJ, arrete du 27 octobre 2021 (agrement 2022-2027)",FALSE,verified,,https://filieres-rep.ademe.fr/filieres-REP/filiere-ABJ
France,sector,Sector agreement,DIY & garden,Separate collection rate,Taux de collecte - Entretien du jardin et amenagement paysager,Mises sur le marche de l'annee precedente,%,,,,,20,2027,"REP ABJ, arrete du 27 octobre 2021 (agrement 2022-2027)",FALSE,verified,,https://filieres-rep.ademe.fr/filieres-REP/filiere-ABJ
France,sector,Sector agreement,DIY & garden,Reuse & preparation for reuse,Taux de reemploi - Entretien du jardin et amenagement paysager,Mises sur le marche de l'annee precedente,%,,,,,2,2024,"REP ABJ, arrete du 27 octobre 2021",FALSE,verified,,https://filieres-rep.ademe.fr/filieres-REP/filiere-ABJ
France,sector,Sector agreement,DIY & garden,Reuse & preparation for reuse,Taux de reemploi - Entretien du jardin et amenagement paysager,Mises sur le marche de l'annee precedente,%,,,,,5,2027,"REP ABJ, arrete du 27 octobre 2021",FALSE,verified,,https://filieres-rep.ademe.fr/filieres-REP/filiere-ABJ
France,sector,Sector agreement,DIY & garden,Recycling rate,Taux de recyclage - Entretien du jardin et amenagement paysager,Quantites collectees non reemployees,%,,,,,40,2024,"REP ABJ, arrete du 27 octobre 2021",FALSE,verified,,https://filieres-rep.ademe.fr/filieres-REP/filiere-ABJ
France,sector,Sector agreement,DIY & garden,Recycling rate,Taux de recyclage - Entretien du jardin et amenagement paysager,Quantites collectees non reemployees,%,,,,,55,2027,"REP ABJ, arrete du 27 octobre 2021",FALSE,verified,,https://filieres-rep.ademe.fr/filieres-REP/filiere-ABJ
France,sector,Sector agreement,Sports & leisure,Separate collection rate,Taux de collecte - Cycles et engins de deplacement personnel,Mises sur le marche de l'annee precedente,%,,,,,18,2024,"REP ASL, arrete du 27 octobre 2021 (Ecologic, agrement 2022-2027)",FALSE,verified,"Aggregate 2024 outturn ~13% (15,000 t collected on 115,000 t placed on market) - below both category targets.",https://filieres-rep.ademe.fr/filieres-REP/filiere-ASL
France,sector,Sector agreement,Sports & leisure,Separate collection rate,Taux de collecte - Cycles et engins de deplacement personnel,Mises sur le marche de l'annee precedente,%,,,,,25,2027,"REP ASL, arrete du 27 octobre 2021 (Ecologic, agrement 2022-2027)",FALSE,verified,,https://filieres-rep.ademe.fr/filieres-REP/filiere-ASL
France,sector,Sector agreement,Sports & leisure,Reuse & preparation for reuse,Taux de reemploi - Cycles et engins de deplacement personnel,Mises sur le marche de l'annee precedente,%,,,,,9,2024,"REP ASL, arrete du 27 octobre 2021",FALSE,verified,,https://filieres-rep.ademe.fr/filieres-REP/filiere-ASL
France,sector,Sector agreement,Sports & leisure,Reuse & preparation for reuse,Taux de reemploi - Cycles et engins de deplacement personnel,Mises sur le marche de l'annee precedente,%,,,,,14,2027,"REP ASL, arrete du 27 octobre 2021",FALSE,verified,,https://filieres-rep.ademe.fr/filieres-REP/filiere-ASL
France,sector,Sector agreement,Sports & leisure,Recycling rate,Taux de recyclage - Cycles et engins de deplacement personnel,Quantites collectees de l'annee moins quantites reemployees,%,,,,,59,2024,"REP ASL, arrete du 27 octobre 2021",FALSE,verified,,https://filieres-rep.ademe.fr/filieres-REP/filiere-ASL
France,sector,Sector agreement,Sports & leisure,Recycling rate,Taux de recyclage - Cycles et engins de deplacement personnel,Quantites collectees de l'annee moins quantites reemployees,%,,,,,62,2027,"REP ASL, arrete du 27 octobre 2021",FALSE,verified,,https://filieres-rep.ademe.fr/filieres-REP/filiere-ASL
France,sector,Sector agreement,Sports & leisure,Separate collection rate,Taux de collecte - Produits de sport et de plein air,Mises sur le marche de l'annee precedente,%,,,,,20,2024,"REP ASL, arrete du 27 octobre 2021 (Ecologic, agrement 2022-2027)",FALSE,verified,"Aggregate 2024 outturn ~13% (15,000 t collected on 115,000 t placed on market) - below both category targets.",https://filieres-rep.ademe.fr/filieres-REP/filiere-ASL
France,sector,Sector agreement,Sports & leisure,Separate collection rate,Taux de collecte - Produits de sport et de plein air,Mises sur le marche de l'annee precedente,%,,,,,35,2027,"REP ASL, arrete du 27 octobre 2021 (Ecologic, agrement 2022-2027)",FALSE,verified,,https://filieres-rep.ademe.fr/filieres-REP/filiere-ASL
France,sector,Sector agreement,Sports & leisure,Reuse & preparation for reuse,Taux de reemploi - Produits de sport et de plein air,Mises sur le marche de l'annee precedente,%,,,,,4,2024,"REP ASL, arrete du 27 octobre 2021",FALSE,verified,,https://filieres-rep.ademe.fr/filieres-REP/filiere-ASL
France,sector,Sector agreement,Sports & leisure,Reuse & preparation for reuse,Taux de reemploi - Produits de sport et de plein air,Mises sur le marche de l'annee precedente,%,,,,,5,2027,"REP ASL, arrete du 27 octobre 2021",FALSE,verified,,https://filieres-rep.ademe.fr/filieres-REP/filiere-ASL
France,sector,Sector agreement,Sports & leisure,Recycling rate,Taux de recyclage - Produits de sport et de plein air,Quantites collectees de l'annee moins quantites reemployees,%,,,,,35,2024,"REP ASL, arrete du 27 octobre 2021",FALSE,verified,,https://filieres-rep.ademe.fr/filieres-REP/filiere-ASL
France,sector,Sector agreement,Sports & leisure,Recycling rate,Taux de recyclage - Produits de sport et de plein air,Quantites collectees de l'annee moins quantites reemployees,%,,,,,50,2027,"REP ASL, arrete du 27 octobre 2021",FALSE,verified,,https://filieres-rep.ademe.fr/filieres-REP/filiere-ASL
France,sector,Sector agreement,Construction,Separate collection rate,Taux de collecte - Categorie 1 - dechets mineraux inertes,Waste mass against the reference volume from the ADEME prefiguration study,%,,,,,82,2024,"REP PMCB, arrete du 10 juin 2022",FALSE,sourced,PROVISIONAL: a state moratorium suspending eight PMCB measures until 2027 was reported and not verified.,https://www.ecologie.gouv.fr/sites/default/files/documents/Cahier%20des%20charges%20consolide%20-%20REP%20PMCB.pdf
France,sector,Sector agreement,Construction,Separate collection rate,Taux de collecte - Categorie 1 - dechets mineraux inertes,Waste mass against the reference volume from the ADEME prefiguration study,%,,,,,93,2027,"REP PMCB, arrete du 10 juin 2022",FALSE,sourced,PROVISIONAL: a state moratorium suspending eight PMCB measures until 2027 was reported and not verified.,https://www.ecologie.gouv.fr/sites/default/files/documents/Cahier%20des%20charges%20consolide%20-%20REP%20PMCB.pdf
France,sector,Sector agreement,Construction,Separate collection rate,Taux de collecte - Categorie 2 - dechets non mineraux,Waste mass against the reference volume from the ADEME prefiguration study,%,,,,,53,2024,"REP PMCB, arrete du 10 juin 2022",FALSE,sourced,PROVISIONAL: a state moratorium suspending eight PMCB measures until 2027 was reported and not verified.,https://www.ecologie.gouv.fr/sites/default/files/documents/Cahier%20des%20charges%20consolide%20-%20REP%20PMCB.pdf
France,sector,Sector agreement,Construction,Separate collection rate,Taux de collecte - Categorie 2 - dechets non mineraux,Waste mass against the reference volume from the ADEME prefiguration study,%,,,,,62,2027,"REP PMCB, arrete du 10 juin 2022",FALSE,sourced,PROVISIONAL: a state moratorium suspending eight PMCB measures until 2027 was reported and not verified.,https://www.ecologie.gouv.fr/sites/default/files/documents/Cahier%20des%20charges%20consolide%20-%20REP%20PMCB.pdf
France,sector,Sector agreement,Construction,Recycling rate,Taux de recyclage - Categorie 1,Collected PMCB waste,%,,,,,35,2024,"REP PMCB, arrete du 10 juin 2022",FALSE,sourced,PROVISIONAL - see moratorium note.,https://www.ecologie.gouv.fr/sites/default/files/documents/Cahier%20des%20charges%20consolide%20-%20REP%20PMCB.pdf
France,sector,Sector agreement,Construction,Recycling rate,Taux de recyclage - Categorie 1,Collected PMCB waste,%,,,,,43,2027,"REP PMCB, arrete du 10 juin 2022",FALSE,sourced,PROVISIONAL - see moratorium note.,https://www.ecologie.gouv.fr/sites/default/files/documents/Cahier%20des%20charges%20consolide%20-%20REP%20PMCB.pdf
France,sector,Sector agreement,Construction,Recycling rate,Taux de recyclage - Categorie 2,Collected PMCB waste,%,,,,,39,2024,"REP PMCB, arrete du 10 juin 2022",FALSE,sourced,PROVISIONAL - see moratorium note.,https://www.ecologie.gouv.fr/sites/default/files/documents/Cahier%20des%20charges%20consolide%20-%20REP%20PMCB.pdf
France,sector,Sector agreement,Construction,Recycling rate,Taux de recyclage - Categorie 2,Collected PMCB waste,%,,,,,45,2027,"REP PMCB, arrete du 10 juin 2022",FALSE,sourced,PROVISIONAL - see moratorium note.,https://www.ecologie.gouv.fr/sites/default/files/documents/Cahier%20des%20charges%20consolide%20-%20REP%20PMCB.pdf
France,sector,Sector agreement,Construction,Reuse & preparation for reuse,Reemploi et preparation a la reutilisation,Mass of used PMCB against annual waste production volume,%,,,,,2,2024,"REP PMCB, arrete du 10 juin 2022",FALSE,sourced,PROVISIONAL - see moratorium note.,https://www.ecologie.gouv.fr/sites/default/files/documents/Cahier%20des%20charges%20consolide%20-%20REP%20PMCB.pdf
France,sector,Sector agreement,Construction,Reuse & preparation for reuse,Reemploi et preparation a la reutilisation,Mass of used PMCB against annual waste production volume,%,,,,,4,2027,"REP PMCB, arrete du 10 juin 2022",FALSE,sourced,PROVISIONAL - see moratorium note.,https://www.ecologie.gouv.fr/sites/default/files/documents/Cahier%20des%20charges%20consolide%20-%20REP%20PMCB.pdf
France,sector,Sector agreement,Construction,Reuse & preparation for reuse,Reemploi et preparation a la reutilisation,Mass of used PMCB against annual waste production volume,%,,,,,5,2028,"REP PMCB, arrete du 10 juin 2022",FALSE,sourced,PROVISIONAL - see moratorium note.,https://www.ecologie.gouv.fr/sites/default/files/documents/Cahier%20des%20charges%20consolide%20-%20REP%20PMCB.pdf
Brazil,government,Federal,All municipal waste,Recycling rate,"Recuperar 48,1% da massa total de RSU em ambito nacional","% of total RSU mass generated, national",%,2.2,2020,1.82,2023,48.1,2040,"Planares, Decreto 11.043/2022 (Anexo)",FALSE,sourced,Planares metas were NOT read in the decree's own annex PDF (fetch truncates before ch.3). Transcribed from municipal plans reproducing the table; 2040 endpoints corroborated by two independent documents. Re-verify intermediate years against the official annex before citing. Often rounded to 50% in press. latest_value is SINISA's 1.82% recovery rate; ABREMA reports 8.7% on a different denominator - see the ABREMA row.,https://planodesaneamento.manaus.am.gov.br/wp-content/uploads/2026/01/PMSB-MANAUS-RESIDUOS-SOLIDOS-Completo-6.pdf
Brazil,government,Federal,All municipal waste,Recycling rate,Recuperar reciclaveis secos em relacao a massa total de RSU,"% of total RSU mass generated, national",%,2.2,2020,,,5.7,2024,"Planares, Decreto 11.043/2022 (Anexo) - RSU Meta 6",FALSE,sourced,Planares metas were NOT read in the decree's own annex PDF (fetch truncates before ch.3). Transcribed from municipal plans reproducing the table; 2040 endpoints corroborated by two independent documents. Re-verify intermediate years against the official annex before citing.,https://www.goiania.go.gov.br/amma/wp-content/uploads/sites/22/2022/09/Relatorio-Final-Plano-Municipal-de-Coleta-Seletiva-de-Goiania_VOL2_compressed.pdf
Brazil,government,Federal,All municipal waste,Recycling rate,Recuperar reciclaveis secos em relacao a massa total de RSU,"% of total RSU mass generated, national",%,2.2,2020,,,9.2,2028,"Planares, Decreto 11.043/2022 (Anexo) - RSU Meta 6",FALSE,sourced,Planares metas were NOT read in the decree's own annex PDF (fetch truncates before ch.3). Transcribed from municipal plans reproducing the table; 2040 endpoints corroborated by two independent documents. Re-verify intermediate years against the official annex before citing.,https://www.goiania.go.gov.br/amma/wp-content/uploads/sites/22/2022/09/Relatorio-Final-Plano-Municipal-de-Coleta-Seletiva-de-Goiania_VOL2_compressed.pdf
Brazil,government,Federal,All municipal waste,Recycling rate,Recuperar reciclaveis secos em relacao a massa total de RSU,"% of total RSU mass generated, national",%,2.2,2020,,,12.8,2032,"Planares, Decreto 11.043/2022 (Anexo) - RSU Meta 6",FALSE,sourced,Planares metas were NOT read in the decree's own annex PDF (fetch truncates before ch.3). Transcribed from municipal plans reproducing the table; 2040 endpoints corroborated by two independent documents. Re-verify intermediate years against the official annex before citing.,https://www.goiania.go.gov.br/amma/wp-content/uploads/sites/22/2022/09/Relatorio-Final-Plano-Municipal-de-Coleta-Seletiva-de-Goiania_VOL2_compressed.pdf
Brazil,government,Federal,All municipal waste,Recycling rate,Recuperar reciclaveis secos em relacao a massa total de RSU,"% of total RSU mass generated, national",%,2.2,2020,,,16.4,2036,"Planares, Decreto 11.043/2022 (Anexo) - RSU Meta 6",FALSE,sourced,Planares metas were NOT read in the decree's own annex PDF (fetch truncates before ch.3). Transcribed from municipal plans reproducing the table; 2040 endpoints corroborated by two independent documents. Re-verify intermediate years against the official annex before citing.,https://www.goiania.go.gov.br/amma/wp-content/uploads/sites/22/2022/09/Relatorio-Final-Plano-Municipal-de-Coleta-Seletiva-de-Goiania_VOL2_compressed.pdf
Brazil,government,Federal,All municipal waste,Recycling rate,Recuperar reciclaveis secos em relacao a massa total de RSU,"% of total RSU mass generated, national",%,2.2,2020,,,20.0,2040,"Planares, Decreto 11.043/2022 (Anexo) - RSU Meta 6",FALSE,sourced,Planares metas were NOT read in the decree's own annex PDF (fetch truncates before ch.3). Transcribed from municipal plans reproducing the table; 2040 endpoints corroborated by two independent documents. Re-verify intermediate years against the official annex before citing.,https://www.goiania.go.gov.br/amma/wp-content/uploads/sites/22/2022/09/Relatorio-Final-Plano-Municipal-de-Coleta-Seletiva-de-Goiania_VOL2_compressed.pdf
Brazil,government,Federal,All municipal waste,Recycling rate,Recuperar a fracao organica em relacao a massa total de RSU,"% of total RSU mass generated, national",%,0,2020,0.4,2024,2.7,2024,"Planares, Decreto 11.043/2022 (Anexo) - RSU Meta 7",FALSE,sourced,Planares metas were NOT read in the decree's own annex PDF (fetch truncates before ch.3). Transcribed from municipal plans reproducing the table; 2040 endpoints corroborated by two independent documents. Re-verify intermediate years against the official annex before citing. Baseline is 0% for every region - Planares treats national biological treatment of RSU as nil at baseline. latest_value 0.4% is ABREMA composting 2024.,https://www.goiania.go.gov.br/amma/wp-content/uploads/sites/22/2022/09/Relatorio-Final-Plano-Municipal-de-Coleta-Seletiva-de-Goiania_VOL2_compressed.pdf
Brazil,government,Federal,All municipal waste,Recycling rate,Recuperar a fracao organica em relacao a massa total de RSU,"% of total RSU mass generated, national",%,0,2020,,,5.4,2028,"Planares, Decreto 11.043/2022 (Anexo) - RSU Meta 7",FALSE,sourced,Planares metas were NOT read in the decree's own annex PDF (fetch truncates before ch.3). Transcribed from municipal plans reproducing the table; 2040 endpoints corroborated by two independent documents. Re-verify intermediate years against the official annex before citing. Baseline is 0% for every region - Planares treats national biological treatment of RSU as nil at baseline. latest_value 0.4% is ABREMA composting 2024.,https://www.goiania.go.gov.br/amma/wp-content/uploads/sites/22/2022/09/Relatorio-Final-Plano-Municipal-de-Coleta-Seletiva-de-Goiania_VOL2_compressed.pdf
Brazil,government,Federal,All municipal waste,Recycling rate,Recuperar a fracao organica em relacao a massa total de RSU,"% of total RSU mass generated, national",%,0,2020,,,8.1,2032,"Planares, Decreto 11.043/2022 (Anexo) - RSU Meta 7",FALSE,sourced,Planares metas were NOT read in the decree's own annex PDF (fetch truncates before ch.3). Transcribed from municipal plans reproducing the table; 2040 endpoints corroborated by two independent documents. Re-verify intermediate years against the official annex before citing. Baseline is 0% for every region - Planares treats national biological treatment of RSU as nil at baseline. latest_value 0.4% is ABREMA composting 2024.,https://www.goiania.go.gov.br/amma/wp-content/uploads/sites/22/2022/09/Relatorio-Final-Plano-Municipal-de-Coleta-Seletiva-de-Goiania_VOL2_compressed.pdf
Brazil,government,Federal,All municipal waste,Recycling rate,Recuperar a fracao organica em relacao a massa total de RSU,"% of total RSU mass generated, national",%,0,2020,,,10.8,2036,"Planares, Decreto 11.043/2022 (Anexo) - RSU Meta 7",FALSE,sourced,Planares metas were NOT read in the decree's own annex PDF (fetch truncates before ch.3). Transcribed from municipal plans reproducing the table; 2040 endpoints corroborated by two independent documents. Re-verify intermediate years against the official annex before citing. Baseline is 0% for every region - Planares treats national biological treatment of RSU as nil at baseline. latest_value 0.4% is ABREMA composting 2024.,https://www.goiania.go.gov.br/amma/wp-content/uploads/sites/22/2022/09/Relatorio-Final-Plano-Municipal-de-Coleta-Seletiva-de-Goiania_VOL2_compressed.pdf
Brazil,government,Federal,All municipal waste,Recycling rate,Recuperar a fracao organica em relacao a massa total de RSU,"% of total RSU mass generated, national",%,0,2020,,,13.5,2040,"Planares, Decreto 11.043/2022 (Anexo) - RSU Meta 7",FALSE,sourced,Planares metas were NOT read in the decree's own annex PDF (fetch truncates before ch.3). Transcribed from municipal plans reproducing the table; 2040 endpoints corroborated by two independent documents. Re-verify intermediate years against the official annex before citing. Baseline is 0% for every region - Planares treats national biological treatment of RSU as nil at baseline. latest_value 0.4% is ABREMA composting 2024.,https://www.goiania.go.gov.br/amma/wp-content/uploads/sites/22/2022/09/Relatorio-Final-Plano-Municipal-de-Coleta-Seletiva-de-Goiania_VOL2_compressed.pdf
Brazil,government,Federal,All municipal waste,Collection coverage,Assegurar que a populacao tenha acesso a sistemas de coleta seletiva,% da populacao total,%,,,36.0,2023,72.6,2040,"Planares, Decreto 11.043/2022 (Anexo) - RSU Meta 6",FALSE,sourced,Planares metas were NOT read in the decree's own annex PDF (fetch truncates before ch.3). Transcribed from municipal plans reproducing the table; 2040 endpoints corroborated by two independent documents. Re-verify intermediate years against the official annex before citing. latest_value from SINISA indicator IRS0005.,https://planodesaneamento.manaus.am.gov.br/wp-content/uploads/2026/01/PMSB-MANAUS-RESIDUOS-SOLIDOS-Completo-6.pdf
Brazil,government,Federal,Packaging,Reverse-logistics recovery,Recuperar embalagens em geral por sistemas de logistica reversa,"% das embalagens em geral colocadas no mercado, recuperadas por logistica reversa",%,,,,,50,2040,"Planares, Decreto 11.043/2022 (Anexo) - RSU Meta 6",FALSE,sourced,"Planares metas were NOT read in the decree's own annex PDF (fetch truncates before ch.3). Transcribed from municipal plans reproducing the table; 2040 endpoints corroborated by two independent documents. Re-verify intermediate years against the official annex before citing. Different denominator from Metas 4/6/7, which are % of RSU mass.",https://planodesaneamento.manaus.am.gov.br/wp-content/uploads/2026/01/PMSB-MANAUS-RESIDUOS-SOLIDOS-Completo-6.pdf
Brazil,government,Federal,All municipal waste,Landfill diversion,Encerramento dos lixoes e aterros controlados,Numero de municipios (target = zero),count,,,1606,2023,0,2024,"Planares, Decreto 11.043/2022 (Anexo) - RSU Meta 3",FALSE,sourced,"MISSED. SINISA counts 1,606 lixoes still in operation in 2023. Lower is better. Restates the statutory endpoint in Lei 14.026.",https://www.gov.br/cidades/pt-br/acesso-a-informacao/acoes-e-programas/saneamento/sinisa/resultados-sinisa/RELATORIO_SINISA_RESIDUOS_SOLIDOS_2024.pdf
Brazil,government,Federal,All municipal waste,Collection coverage,Universalizacao da coleta regular de RSU,Cobertura da coleta regular (populacao),%,,,91.3,2023,100,2036,"Planares, Decreto 11.043/2022 (Anexo) - RSU Meta 3",FALSE,sourced,"Planares metas were NOT read in the decree's own annex PDF (fetch truncates before ch.3). Transcribed from municipal plans reproducing the table; 2040 endpoints corroborated by two independent documents. Re-verify intermediate years against the official annex before citing. latest_value SINISA IRS0001 (total population). Urban 97.4%, rural 53.8%.",https://www.gov.br/cidades/pt-br/acesso-a-informacao/acoes-e-programas/saneamento/sinisa/resultados-sinisa/RELATORIO_SINISA_RESIDUOS_SOLIDOS_2024.pdf
Brazil,government,Federal,All municipal waste,Recycling rate,Aproveitamento energetico do biogas gerado,% do biogas gerado em digestao anaerobia e aterros,%,,,,,60,2040,"Planares, Decreto 11.043/2022 (Anexo) - RSU Meta 8",FALSE,sourced,Planares metas were NOT read in the decree's own annex PDF (fetch truncates before ch.3). Transcribed from municipal plans reproducing the table; 2040 endpoints corroborated by two independent documents. Re-verify intermediate years against the official annex before citing.,https://planodesaneamento.manaus.am.gov.br/wp-content/uploads/2026/01/PMSB-MANAUS-RESIDUOS-SOLIDOS-Completo-6.pdf
Brazil,government,Federal,All municipal waste,Recycling rate,Potencia instalada em tratamento termico de RSU,"MW de potencia instalada (absolute capacity, not a rate)",count,,,,,994,2040,"Planares, Decreto 11.043/2022 (Anexo) - RSU Meta 9",FALSE,sourced,Planares metas were NOT read in the decree's own annex PDF (fetch truncates before ch.3). Transcribed from municipal plans reproducing the table; 2040 endpoints corroborated by two independent documents. Re-verify intermediate years against the official annex before citing. A capacity target with no percentage-of-waste equivalent. Do not convert to a rate. Unit recorded as count (MW).,https://planodesaneamento.manaus.am.gov.br/wp-content/uploads/2026/01/PMSB-MANAUS-RESIDUOS-SOLIDOS-Completo-6.pdf
Brazil,government,Federal,All municipal waste,Collection coverage,Municipios com alguma forma de cobranca pelos servicos de manejo de RSU,% dos municipios,%,,,,,100,2024,"Planares, Decreto 11.043/2022 (Anexo) - RSU Meta 1",FALSE,sourced,Planares metas were NOT read in the decree's own annex PDF (fetch truncates before ch.3). Transcribed from municipal plans reproducing the table; 2040 endpoints corroborated by two independent documents. Re-verify intermediate years against the official annex before citing.,https://planodesaneamento.manaus.am.gov.br/wp-content/uploads/2026/01/PMSB-MANAUS-RESIDUOS-SOLIDOS-Completo-6.pdf
Brazil,government,Federal,All municipal waste,Collection coverage,Municipios com equilibrio economico-financeiro de pelo menos 75% entre receita e despesa,% dos municipios (nesting a 75% cost-coverage ratio),%,,,,,68,2040,"Planares, Decreto 11.043/2022 (Anexo) - RSU Meta 1",FALSE,sourced,Planares metas were NOT read in the decree's own annex PDF (fetch truncates before ch.3). Transcribed from municipal plans reproducing the table; 2040 endpoints corroborated by two independent documents. Re-verify intermediate years against the official annex before citing.,https://planodesaneamento.manaus.am.gov.br/wp-content/uploads/2026/01/PMSB-MANAUS-RESIDUOS-SOLIDOS-Completo-6.pdf
Brazil,government,Federal,All municipal waste,Collection coverage,Municipios com planos de gestao integrada de residuos elaborados,% dos municipios,%,,,,,100,2040,"Planares, Decreto 11.043/2022 (Anexo) - RSU Meta 2",FALSE,sourced,Planares metas were NOT read in the decree's own annex PDF (fetch truncates before ch.3). Transcribed from municipal plans reproducing the table; 2040 endpoints corroborated by two independent documents. Re-verify intermediate years against the official annex before citing.,https://planodesaneamento.manaus.am.gov.br/wp-content/uploads/2026/01/PMSB-MANAUS-RESIDUOS-SOLIDOS-Completo-6.pdf
Brazil,government,Federal,All municipal waste,Collection coverage,Municipios integrando um consorcio publico para manejo de residuos,% dos municipios,%,,,,,94.1,2040,"Planares, Decreto 11.043/2022 (Anexo) - RSU Meta 2",FALSE,sourced,Planares metas were NOT read in the decree's own annex PDF (fetch truncates before ch.3). Transcribed from municipal plans reproducing the table; 2040 endpoints corroborated by two independent documents. Re-verify intermediate years against the official annex before citing.,https://planodesaneamento.manaus.am.gov.br/wp-content/uploads/2026/01/PMSB-MANAUS-RESIDUOS-SOLIDOS-Completo-6.pdf
Brazil,government,Federal,All municipal waste,Collection coverage,Municipios que utilizam servicos de catadores e formalizam contrato com cooperativas,"% dos municipios QUE JA UTILIZAM servicos de catadores - a conditional subset, not all municipalities",%,,,,,95,2040,"Planares, Decreto 11.043/2022 (Anexo) - RSU Meta 5",FALSE,sourced,Planares metas were NOT read in the decree's own annex PDF (fetch truncates before ch.3). Transcribed from municipal plans reproducing the table; 2040 endpoints corroborated by two independent documents. Re-verify intermediate years against the official annex before citing. Frequently mis-stated as 95% of all municipalities.,https://planodesaneamento.manaus.am.gov.br/wp-content/uploads/2026/01/PMSB-MANAUS-RESIDUOS-SOLIDOS-Completo-6.pdf
Brazil,government,Federal,Construction,Recycling rate,Reciclagem de residuos da construcao civil,% dos residuos da construcao civil gerados,%,,,,,25,2040,"Planares, Decreto 11.043/2022 (Anexo) - RCC Meta 1",FALSE,sourced,Planares metas were NOT read in the decree's own annex PDF (fetch truncates before ch.3). Transcribed from municipal plans reproducing the table; 2040 endpoints corroborated by two independent documents. Re-verify intermediate years against the official annex before citing. A 7% baseline is quoted by one commercial blog and is NOT verified - omitted here rather than recorded.,https://planodesaneamento.manaus.am.gov.br/wp-content/uploads/2026/01/PMSB-MANAUS-RESIDUOS-SOLIDOS-Completo-6.pdf
Brazil,government,Federal,All municipal waste,Landfill diversion,Disposicao final ambientalmente adequada dos rejeitos - capitais e regioes metropolitanas,"Numero de municipios (binary compliance per municipality, Censo 2010 population bands)",count,,,,,0,2021,"Lei 12.305/2010 art.54 s.1 I, as amended by Lei 14.026/2020",FALSE,verified,The staggered dates are an EXCEPTION regime: only municipalities with an approved plan AND a cost-recovery mechanism by 31/12/2020 qualified. The general deadline was 31/12/2020.,https://www.planalto.gov.br/ccivil_03/_ato2007-2010/2010/lei/l12305.htm
Brazil,government,Federal,All municipal waste,Landfill diversion,Disposicao final ambientalmente adequada dos rejeitos - municipios acima de 100.000 habitantes,"Numero de municipios (binary compliance, Censo 2010 population bands)",count,,,,,0,2022,"Lei 12.305/2010 art.54 s.1, as amended by Lei 14.026/2020",FALSE,verified,Conditional on having a plan and a cost-recovery mechanism by 31/12/2020.,https://www.planalto.gov.br/ccivil_03/_ato2007-2010/2010/lei/l12305.htm
Brazil,government,Federal,All municipal waste,Landfill diversion,Disposicao final ambientalmente adequada dos rejeitos - municipios entre 50.000 e 100.000 habitantes,"Numero de municipios (binary compliance, Censo 2010 population bands)",count,,,,,0,2023,"Lei 12.305/2010 art.54 s.1, as amended by Lei 14.026/2020",FALSE,verified,Conditional on having a plan and a cost-recovery mechanism by 31/12/2020.,https://www.planalto.gov.br/ccivil_03/_ato2007-2010/2010/lei/l12305.htm
Brazil,government,Federal,All municipal waste,Landfill diversion,Disposicao final ambientalmente adequada dos rejeitos - municipios abaixo de 50.000 habitantes,"Numero de municipios (binary compliance, Censo 2010 population bands)",count,,,,,0,2024,"Lei 12.305/2010 art.54 s.1, as amended by Lei 14.026/2020",FALSE,verified,Conditional on having a plan and a cost-recovery mechanism by 31/12/2020.,https://www.planalto.gov.br/ccivil_03/_ato2007-2010/2010/lei/l12305.htm
Brazil,sector,Sector agreement,Packaging,Reverse-logistics recovery,Indice de recuperacao de embalagens de plastico,"% da massa de embalagens de plastico colocadas no mercado no ano fiscal ANTERIOR (rolling, not a fixed base year)",%,,,,,32,2026,Decreto 12.688/2025 art.31 e Anexo I,FALSE,sourced,"Phase-in: large firms Jan 2026, SME July 2026.",https://www2.camara.leg.br/legin/fed/decret/2025/decreto-12688-21-outubro-2025-798174-publicacaooriginal-176787-pe.html
Brazil,sector,Sector agreement,Packaging,Reverse-logistics recovery,Indice de recuperacao de embalagens de plastico,"% da massa de embalagens de plastico colocadas no mercado no ano fiscal ANTERIOR (rolling, not a fixed base year)",%,,,,,35,2028,Decreto 12.688/2025 art.31 e Anexo I,FALSE,sourced,"Phase-in: large firms Jan 2026, SME July 2026.",https://www2.camara.leg.br/legin/fed/decret/2025/decreto-12688-21-outubro-2025-798174-publicacaooriginal-176787-pe.html
Brazil,sector,Sector agreement,Packaging,Reverse-logistics recovery,Indice de recuperacao de embalagens de plastico,"% da massa de embalagens de plastico colocadas no mercado no ano fiscal ANTERIOR (rolling, not a fixed base year)",%,,,,,37,2030,Decreto 12.688/2025 art.31 e Anexo I,FALSE,sourced,"2030 CELL CONTESTED: 37% (greenlegis, eureciclo) vs 40% (Seven Residuos). 37% recorded - the regional rows sum to the national total in that version. Verify against the DOU annex.",https://www2.camara.leg.br/legin/fed/decret/2025/decreto-12688-21-outubro-2025-798174-publicacaooriginal-176787-pe.html
Brazil,sector,Sector agreement,Packaging,Reverse-logistics recovery,Indice de recuperacao de embalagens de plastico,"% da massa de embalagens de plastico colocadas no mercado no ano fiscal ANTERIOR (rolling, not a fixed base year)",%,,,,,40,2032,Decreto 12.688/2025 art.31 e Anexo I,FALSE,sourced,"Phase-in: large firms Jan 2026, SME July 2026.",https://www2.camara.leg.br/legin/fed/decret/2025/decreto-12688-21-outubro-2025-798174-publicacaooriginal-176787-pe.html
Brazil,sector,Sector agreement,Packaging,Reverse-logistics recovery,Indice de recuperacao de embalagens de plastico,"% da massa de embalagens de plastico colocadas no mercado no ano fiscal ANTERIOR (rolling, not a fixed base year)",%,,,,,43,2035,Decreto 12.688/2025 art.31 e Anexo I,FALSE,sourced,"Phase-in: large firms Jan 2026, SME July 2026.",https://www2.camara.leg.br/legin/fed/decret/2025/decreto-12688-21-outubro-2025-798174-publicacaooriginal-176787-pe.html
Brazil,sector,Sector agreement,Packaging,Reverse-logistics recovery,Indice de recuperacao de embalagens de plastico,"% da massa de embalagens de plastico colocadas no mercado no ano fiscal ANTERIOR (rolling, not a fixed base year)",%,,,,,50,2040,Decreto 12.688/2025 art.31 e Anexo I,FALSE,sourced,"Phase-in: large firms Jan 2026, SME July 2026.",https://www2.camara.leg.br/legin/fed/decret/2025/decreto-12688-21-outubro-2025-798174-publicacaooriginal-176787-pe.html
Brazil,sector,Sector agreement,Packaging,Recycling rate,Indice de conteudo reciclado pos-consumo em embalagens de plastico,"Massa de materia-prima reciclada pos-consumo incorporada / massa colocada no mercado, anual",%,,,,,22,2026,Decreto 12.688/2025 art.33 e Anexo II,FALSE,sourced,,https://www2.camara.leg.br/legin/fed/decret/2025/decreto-12688-21-outubro-2025-798174-publicacaooriginal-176787-pe.html
Brazil,sector,Sector agreement,Packaging,Recycling rate,Indice de conteudo reciclado pos-consumo em embalagens de plastico,"Massa de materia-prima reciclada pos-consumo incorporada / massa colocada no mercado, anual",%,,,,,26,2028,Decreto 12.688/2025 art.33 e Anexo II,FALSE,sourced,,https://www2.camara.leg.br/legin/fed/decret/2025/decreto-12688-21-outubro-2025-798174-publicacaooriginal-176787-pe.html
Brazil,sector,Sector agreement,Packaging,Recycling rate,Indice de conteudo reciclado pos-consumo em embalagens de plastico,"Massa de materia-prima reciclada pos-consumo incorporada / massa colocada no mercado, anual",%,,,,,30,2030,Decreto 12.688/2025 art.33 e Anexo II,FALSE,sourced,,https://www2.camara.leg.br/legin/fed/decret/2025/decreto-12688-21-outubro-2025-798174-publicacaooriginal-176787-pe.html
Brazil,sector,Sector agreement,Packaging,Recycling rate,Indice de conteudo reciclado pos-consumo em embalagens de plastico,"Massa de materia-prima reciclada pos-consumo incorporada / massa colocada no mercado, anual",%,,,,,35,2035,Decreto 12.688/2025 art.33 e Anexo II,FALSE,sourced,,https://www2.camara.leg.br/legin/fed/decret/2025/decreto-12688-21-outubro-2025-798174-publicacaooriginal-176787-pe.html
Brazil,sector,Sector agreement,Packaging,Recycling rate,Indice de conteudo reciclado pos-consumo em embalagens de plastico,"Massa de materia-prima reciclada pos-consumo incorporada / massa colocada no mercado, anual",%,,,,,40,2040,Decreto 12.688/2025 art.33 e Anexo II,FALSE,sourced,,https://www2.camara.leg.br/legin/fed/decret/2025/decreto-12688-21-outubro-2025-798174-publicacaooriginal-176787-pe.html
Brazil,sector,Sector agreement,EEE,Reverse-logistics recovery,Percentual em peso dos produtos eletroeletronicos comercializados a ser recolhido,"% do peso dos produtos colocados no mercado interno de uso domestico, ANO-BASE FIXO 2018",%,,,,,1,2021,Decreto 10.240/2020 art.49 e Anexo II,FALSE,sourced,,https://sinir.gov.br/perfis/logistica-reversa/logistica-reversa/eletroeletronicos/
Brazil,sector,Sector agreement,EEE,Reverse-logistics recovery,Percentual em peso dos produtos eletroeletronicos comercializados a ser recolhido,"% do peso dos produtos colocados no mercado interno de uso domestico, ANO-BASE FIXO 2018",%,,,,,3,2022,Decreto 10.240/2020 art.49 e Anexo II,FALSE,sourced,,https://sinir.gov.br/perfis/logistica-reversa/logistica-reversa/eletroeletronicos/
Brazil,sector,Sector agreement,EEE,Reverse-logistics recovery,Percentual em peso dos produtos eletroeletronicos comercializados a ser recolhido,"% do peso dos produtos colocados no mercado interno de uso domestico, ANO-BASE FIXO 2018",%,,,,,6,2023,Decreto 10.240/2020 art.49 e Anexo II,FALSE,sourced,,https://sinir.gov.br/perfis/logistica-reversa/logistica-reversa/eletroeletronicos/
Brazil,sector,Sector agreement,EEE,Reverse-logistics recovery,Percentual em peso dos produtos eletroeletronicos comercializados a ser recolhido,"% do peso dos produtos colocados no mercado interno de uso domestico, ANO-BASE FIXO 2018",%,,,,,12,2024,Decreto 10.240/2020 art.49 e Anexo II,FALSE,sourced,,https://sinir.gov.br/perfis/logistica-reversa/logistica-reversa/eletroeletronicos/
Brazil,sector,Sector agreement,EEE,Reverse-logistics recovery,Percentual em peso dos produtos eletroeletronicos comercializados a ser recolhido,"% do peso dos produtos colocados no mercado interno de uso domestico, ANO-BASE FIXO 2018",%,,,,,17,2025,Decreto 10.240/2020 art.49 e Anexo II,FALSE,verified,"Fixed 2018 base year - contrasts with Decreto 12.688's rolling prior-year denominator. 2023 compliance: ABREE 100%, Green Eletron 103%, both em conformidade. 2024 and 2025 results unpublished at time of checking.",https://www2.camara.leg.br/legin/fed/decret/2020/decreto-10240-12-fevereiro-2020-789763-normaatualizada-pe.pdf
Brazil,sector,Sector agreement,EEE,Collection coverage,Numero de municipios com pontos de recebimento,Numero de municipios (the 400 largest),count,,,,,400,2025,Decreto 10.240/2020 Anexo II,FALSE,sourced,"Ramp from 24 municipalities in 2021. Separately, art.48 s.2 requires at least one collection point per 25,000 inhabitants.",https://www2.camara.leg.br/legin/fed/decret/2020/decreto-10240-12-fevereiro-2020-789763-normaatualizada-pe.pdf
Brazil,sector,Sector agreement,Packaging,Landfill diversion,Reducao das embalagens dispostas em aterro,"% das embalagens dispostas em aterro - a reduction in LANDFILLED packaging, not a collection or recycling rate",%,,,,,22,2018,Acordo Setorial de Embalagens em Geral (25 nov 2015),FALSE,verified,"Target period ended 2018. Superseded for plastics by Decreto 12.688/2025; no successor federal target found for glass, metal or paper packaging.",https://www.coalizaoembalagens.com.br/wp-content/uploads/2019/12/Acordo_embalagens.pdf
Brazil,sector,Sector agreement,Tyres,Reverse-logistics recovery,Destinacao adequada de um pneu inservivel para cada pneu novo comercializado,"1:1 ratio against replacement-market sales, settled in weight with a 30% wear factor (obligation = 0.70 x new-tyre weight)",%,,,96.96,2023,100,2009,Resolucao CONAMA 416/2009 art.3,FALSE,verified,NOT a percentage-of-generation target. Continuous obligation since 2009; target_year records the year it took effect. 2023 compliance 96.96% (IBAMA/CONAMA).,https://servicos.ibama.gov.br/phocadownload/legislacao/resolucao_conama_416.pdf
Brazil,sector,Sector agreement,Lubricant oils,Reverse-logistics recovery,Meta de coleta de oleo lubrificante usado ou contaminado (OLUC),% em relacao ao oleo lubrificante acabado comercializado (volume),%,,,,,48.3,2024,"Portaria Interministerial MME/MMA 4/2023 (quadrienio 2024-2027), under Resolucao CONAMA 362/2005",FALSE,verified,"One of the few Brazilian systems structurally comparable to a French REP rate: % of placed-on-market, rolling multi-year schedule, regionally differentiated. No measured national outturn retrieved.",https://www.gov.br/anp/pt-br/assuntos/distribuicao-e-revenda/lubrificantes/arquivos-dados-de-mercado/portaria-interministerial-mme-mma-4-2023.pdf
Brazil,sector,Sector agreement,Lubricant oils,Reverse-logistics recovery,Meta de coleta de oleo lubrificante usado ou contaminado (OLUC),% em relacao ao oleo lubrificante acabado comercializado (volume),%,,,,,49.2,2025,"Portaria Interministerial MME/MMA 4/2023 (quadrienio 2024-2027), under Resolucao CONAMA 362/2005",FALSE,verified,,https://www.gov.br/anp/pt-br/assuntos/distribuicao-e-revenda/lubrificantes/arquivos-dados-de-mercado/portaria-interministerial-mme-mma-4-2023.pdf
Brazil,sector,Sector agreement,Lubricant oils,Reverse-logistics recovery,Meta de coleta de oleo lubrificante usado ou contaminado (OLUC),% em relacao ao oleo lubrificante acabado comercializado (volume),%,,,,,50.1,2026,"Portaria Interministerial MME/MMA 4/2023 (quadrienio 2024-2027), under Resolucao CONAMA 362/2005",FALSE,verified,,https://www.gov.br/anp/pt-br/assuntos/distribuicao-e-revenda/lubrificantes/arquivos-dados-de-mercado/portaria-interministerial-mme-mma-4-2023.pdf
Brazil,sector,Sector agreement,Lubricant oils,Reverse-logistics recovery,Meta de coleta de oleo lubrificante usado ou contaminado (OLUC),% em relacao ao oleo lubrificante acabado comercializado (volume),%,,,,,50.9,2027,"Portaria Interministerial MME/MMA 4/2023 (quadrienio 2024-2027), under Resolucao CONAMA 362/2005",FALSE,verified,,https://www.gov.br/anp/pt-br/assuntos/distribuicao-e-revenda/lubrificantes/arquivos-dados-de-mercado/portaria-interministerial-mme-mma-4-2023.pdf
Brazil,sector,Sector agreement,Lamps,Reverse-logistics recovery,Quantidade de lampadas a ser recolhida,"% da QUANTIDADE (units, not weight) de lampadas colocadas no mercado nacional, ANO-BASE FIXO 2012",%,,,,,20,2019,Acordo Setorial de Lampadas (DOU 12 mar 2015),FALSE,sourced,"Most idiosyncratic denominator in the Brazilian set: units against a fixed 2012 base, so it does not track the collapse in fluorescent sales. Managing entity Reciclus recorded em desconformidade. Successor targets not retrieved.",https://abilux.com.br/noticia/acordo-setorial-logistica-reversa-lampadas/
Brazil,sector,Sector agreement,Medicines,Collection coverage,Pontos fixos de recebimento de medicamentos domiciliares,Um ponto fixo por 10.000 habitantes,count,,,,,1,2023,Decreto 10.388/2020,FALSE,sourced,"Infrastructural obligation, NOT a percentage-of-mass collection target. Phase 2 years 1-2 covered capitals and municipalities above 500,000; years 3-5 those above 100,000. Decree text not read - secondary legal press only.",https://www.migalhas.com.br/depeso/330628/decreto-federal-10-388-20-regulamenta-o-sistema-de-logistica-reversa-de-residuos-de-medicamentos-humanos-e-domiciliares
Brazil,sector,Sector agreement,Batteries,Separate collection rate,NO COLLECTION TARGET SET,"n/a - Resolucao CONAMA 401/2008 requires adequate collection points but specifies no quantity, percentage or deadline",,,,,,,,Resolucao CONAMA 401/2008 art.19,FALSE,verified,"RECORDED AS A DELIBERATE ABSENCE, not a zero. France has a battery collection target (EU Batteries Regulation); Brazil does not. The only numbers in CONAMA 401 are product content limits for mercury, cadmium and lead.",https://conama.mma.gov.br/?option=com_sisconama&task=arquivo.download&id=570
Brazil,sector,Sector agreement,Agrochemical packaging,Reverse-logistics recovery,Devolucao obrigatoria de embalagens vazias ao ponto de venda,"n/a - a per-unit duty to return, generally within one year of purchase; no rate in the law",,,,93,2023,,,Lei 9.974/2000,FALSE,verified,"No percentage target exists in the law. The widely quoted 93% is MEASURED performance from the Sistema Campo Limpo, not a target.",https://portal-api.sinir.gov.br/wp-content/uploads/2024/11/Apresentac%CC%A7a%CC%83o-14-anos-PNRS_Logistica-Reversa.pdf
Brazil,government,Federal,All municipal waste,Recycling rate,Recuperacao de reciclaveis secos - medicao alternativa ABREMA,"% da massa total de RSU gerada, INCLUINDO residuos captados por catadores informais",%,,,8.7,2024,,,"ABREMA Panorama 2025 (measurement, not a target)",FALSE,sourced,"CARRIED DELIBERATELY ALONGSIDE SINISA. ABREMA models national generation and imputes ~4.6 Mt handled by ~700,000 informal catadores, which SINISA structurally cannot see. SINISA says 1.82%, ABREMA 8.7%. Against the Planares 2024 milestone of 5.7% this flips the verdict from far behind to roughly on track.",https://static.poder360.com.br/2025/12/panorama-2025.pdf
